-- phpMyAdmin SQL Dump
-- version 5.2.1
-- https://www.phpmyadmin.net/
--
-- Host: 127.0.0.1
-- Generation Time: Nov 16, 2025 at 04:41 PM
-- Server version: 10.4.25-MariaDB
-- PHP Version: 8.1.10

SET SQL_MODE = "NO_AUTO_VALUE_ON_ZERO";
START TRANSACTION;
SET time_zone = "+00:00";


/*!40101 SET @OLD_CHARACTER_SET_CLIENT=@@CHARACTER_SET_CLIENT */;
/*!40101 SET @OLD_CHARACTER_SET_RESULTS=@@CHARACTER_SET_RESULTS */;
/*!40101 SET @OLD_COLLATION_CONNECTION=@@COLLATION_CONNECTION */;
/*!40101 SET NAMES utf8mb4 */;

--
-- Database: `poultry`
--

-- --------------------------------------------------------

--
-- Table structure for table `farms`
--

CREATE TABLE `farms` (
  `id` int(11) NOT NULL,
  `farm_no` int(11) NOT NULL,
  `farm_username` varchar(100) NOT NULL,
  `created_at` timestamp NOT NULL DEFAULT current_timestamp()
) ENGINE=InnoDB DEFAULT CHARSET=utf8mb4;

--
-- Dumping data for table `farms`
--

INSERT INTO `farms` (`id`, `farm_no`, `farm_username`, `created_at`) VALUES
(1, 1, 'အောင်စိုးမင်း', '2025-11-07 03:15:22'),
(2, 2, 'မြတ်နိုး', '2025-11-07 03:15:22'),
(3, 3, 'စုပြည့်', '2025-11-07 03:15:22'),
(4, 4, 'ဝင်းမျိုး', '2025-11-07 03:15:22'),
(5, 5, 'သက်နှင်း', '2025-11-07 03:15:22'),
(6, 6, 'နိုင်းနိုင်း', '2025-11-07 03:15:22'),
(7, 7, 'ခိုင်စံ', '2025-11-07 03:15:22'),
(8, 8, 'ဇင်မင်း', '2025-11-07 03:15:22'),
(9, 9, 'မိုးသူ', '2025-11-07 03:15:22'),
(10, 10, 'ထွန်းအောင်', '2025-11-07 03:15:22'),
(11, 11, 'အိအိမော်', '2025-11-07 03:15:22'),
(12, 12, 'ကိုကို', '2025-11-07 03:15:22'),
(13, 13, 'သင်းသင်းခိုင်', '2025-11-07 03:15:22'),
(14, 14, 'မြင့်မြင့်ခင်', '2025-11-07 03:15:22'),
(15, 15, 'ဝင်းထော်', '2025-11-07 03:15:22'),
(16, 16, 'စန်းဝေ', '2025-11-07 03:15:22'),
(17, 17, 'ခင်စန်း', '2025-11-07 03:15:22'),
(18, 18, 'မြင့်အောင်', '2025-11-07 03:15:22'),
(19, 19, 'ဇော်လင်း', '2025-11-07 03:15:22'),
(20, 20, 'နေမင်း', '2025-11-07 03:15:22'),
(21, 21, 'သဇင်', '2025-11-07 03:15:22'),
(22, 22, 'မိုးဇက်', '2025-11-07 03:15:22'),
(23, 23, 'စည်သူ', '2025-11-07 03:15:22'),
(24, 24, 'ပြည့်ဖြိုး', '2025-11-07 03:15:22'),
(25, 25, 'ခင်မောင်', '2025-11-07 03:15:22'),
(26, 26, 'ဇင်ဇင်', '2025-11-07 03:15:22'),
(27, 27, 'မျိုးသူ', '2025-11-07 03:15:22'),
(28, 28, 'နိုင်းစံ', '2025-11-07 03:15:22'),
(29, 29, 'အောင်ကျော်', '2025-11-07 03:15:22'),
(30, 30, 'စန်းလွင်', '2025-11-07 03:15:22');

-- --------------------------------------------------------

--
-- Table structure for table `food_summary`
--

CREATE TABLE `food_summary` (
  `id` int(11) NOT NULL,
  `date` date NOT NULL,
  `food_type` varchar(100) DEFAULT NULL,
  `food_amount` decimal(10,2) DEFAULT NULL,
  `food_price` decimal(10,2) DEFAULT NULL,
  `total_cost` decimal(12,2) DEFAULT NULL,
  `remaining_food` decimal(10,2) DEFAULT NULL,
  `consumption_rate` decimal(5,2) DEFAULT NULL,
  `comments` text DEFAULT NULL,
  `page_number` int(11) NOT NULL DEFAULT 1,
  `created_at` timestamp NOT NULL DEFAULT current_timestamp(),
  `updated_at` timestamp NOT NULL DEFAULT current_timestamp() ON UPDATE current_timestamp(),
  `farm_id` int(11) DEFAULT 1
) ENGINE=InnoDB DEFAULT CHARSET=utf8mb4;

--
-- Dumping data for table `food_summary`
--

INSERT INTO `food_summary` (`id`, `date`, `food_type`, `food_amount`, `food_price`, `total_cost`, `remaining_food`, `consumption_rate`, `comments`, `page_number`, `created_at`, `updated_at`, `farm_id`) VALUES
(1, '2025-11-05', NULL, NULL, NULL, NULL, NULL, NULL, NULL, 1, '2025-11-04 22:48:47', '2025-11-04 22:48:47', 1);

-- --------------------------------------------------------

--
-- Table structure for table `history_logs`
--

CREATE TABLE `history_logs` (
  `id` int(11) NOT NULL,
  `user_id` int(11) NOT NULL,
  `farm_id` int(11) NOT NULL,
  `page_number` int(11) NOT NULL,
  `action_type` enum('INSERT','UPDATE','DELETE') NOT NULL,
  `table_name` varchar(50) NOT NULL,
  `record_id` int(11) NOT NULL,
  `old_values` text DEFAULT NULL,
  `new_values` text DEFAULT NULL,
  `description` text NOT NULL,
  `ip_address` varchar(45) DEFAULT NULL,
  `user_agent` text DEFAULT NULL,
  `created_at` timestamp NOT NULL DEFAULT current_timestamp()
) ENGINE=InnoDB DEFAULT CHARSET=utf8mb4;

--
-- Dumping data for table `history_logs`
--

INSERT INTO `history_logs` (`id`, `user_id`, `farm_id`, `page_number`, `action_type`, `table_name`, `record_id`, `old_values`, `new_values`, `description`, `ip_address`, `user_agent`, `created_at`) VALUES
(24, 1, 5, 47, 'INSERT', 'pagination', 47, NULL, NULL, 'ဇယားအသစ်ထပ်ယူခြင်း - ခြံ 5 - စာမျက်နှာ 47', '::1', 'Mozilla/5.0 (Windows NT 10.0; Win64; x64) AppleWebKit/537.36 (KHTML, like Gecko) Chrome/142.0.0.0 Safari/537.36 Edg/142.0.0.0', '2025-11-16 14:16:41'),
(25, 1, 5, 5, 'UPDATE', 'sales_summary', 0, NULL, NULL, 'ဒေတာအားလုံးသိမ်းဆည်းခြင်း - အရေအတွက်: 1 ခု', '::1', 'Mozilla/5.0 (Windows NT 10.0; Win64; x64) AppleWebKit/537.36 (KHTML, like Gecko) Chrome/142.0.0.0 Safari/537.36 Edg/142.0.0.0', '2025-11-16 14:17:30'),
(26, 1, 5, 5, 'DELETE', 'sales_summary', 162, NULL, NULL, 'အရောင်းမှတ်တမ်းဖျက်ခြင်း - ID: 162', '::1', 'Mozilla/5.0 (Windows NT 10.0; Win64; x64) AppleWebKit/537.36 (KHTML, like Gecko) Chrome/142.0.0.0 Safari/537.36 Edg/142.0.0.0', '2025-11-16 14:18:20'),
(27, 1, 5, 5, 'DELETE', 'sales_summary', 0, NULL, NULL, 'ဒေတာအားလုံးဖျက်ခြင်း - အရေအတွက်: 1 ခု', '::1', 'Mozilla/5.0 (Windows NT 10.0; Win64; x64) AppleWebKit/537.36 (KHTML, like Gecko) Chrome/142.0.0.0 Safari/537.36 Edg/142.0.0.0', '2025-11-16 14:18:27');

-- --------------------------------------------------------

--
-- Table structure for table `messages`
--

CREATE TABLE `messages` (
  `id` int(11) NOT NULL,
  `sender_id` int(11) NOT NULL,
  `receiver_id` int(11) DEFAULT NULL,
  `message_type` enum('text','file') DEFAULT 'text',
  `message` text DEFAULT NULL,
  `file_name` varchar(255) DEFAULT NULL,
  `file_path` varchar(500) DEFAULT NULL,
  `file_size` int(11) DEFAULT NULL,
  `timestamp` timestamp NOT NULL DEFAULT current_timestamp(),
  `is_read` tinyint(1) DEFAULT 0
) ENGINE=InnoDB DEFAULT CHARSET=utf8mb4;

--
-- Dumping data for table `messages`
--

INSERT INTO `messages` (`id`, `sender_id`, `receiver_id`, `message_type`, `message`, `file_name`, `file_path`, `file_size`, `timestamp`, `is_read`) VALUES
(1, 2, NULL, 'text', 'hi', NULL, NULL, NULL, '2025-10-16 23:06:54', 1),
(2, 2, 1, 'text', 'hi', NULL, NULL, NULL, '2025-10-16 23:07:10', 1),
(3, 2, 3, 'text', 'hello', NULL, NULL, NULL, '2025-10-16 23:07:20', 1),
(4, 2, 4, 'text', 'hi', NULL, NULL, NULL, '2025-10-16 23:07:27', 1),
(5, 1, NULL, 'text', 'hello every one this is admin...', NULL, NULL, NULL, '2025-10-16 23:08:23', 1),
(6, 2, 1, 'text', 'hello admin this is user1', NULL, NULL, NULL, '2025-10-16 23:09:16', 1),
(7, 1, 2, 'text', 'ok then tell me what is it?...', NULL, NULL, NULL, '2025-10-16 23:09:51', 1),
(8, 2, NULL, 'file', 'i can\'t send photo', '0019.jpg', 'uploads/68f18172305ff_0019.jpg', 96234, '2025-10-16 23:36:18', 1),
(9, 2, NULL, 'file', 'ok?', 'deepseek_text_20250830_e2b950.txt', 'uploads/68f186208de18_deepseek_text_20250830_e2b950.txt', 3122, '2025-10-16 23:56:16', 1),
(10, 2, NULL, 'text', 'ok', NULL, NULL, NULL, '2025-10-16 23:59:58', 1),
(11, 2, NULL, 'file', 'ok', 'first batch.xlsx', 'uploads/68f1870a79b3b_first batch.xlsx', 174239, '2025-10-17 00:00:10', 1),
(12, 2, NULL, 'file', 'ok?', '0-02-06-fddc9f44c420e0cc48ad0c25f1b0be8ed6a49111d4cc95469a0da32de6f675d7_218e64af91c6708f.mp4', 'uploads/68f18782ebd6b_0-02-06-fddc9f44c420e0cc48ad0c25f1b0be8ed6a49111d4cc95469a0da32de6f675d7_218e64af91c6708f.mp4', 9281948, '2025-10-17 00:02:10', 1),
(13, 2, 3, 'text', 'hi user 2', NULL, NULL, NULL, '2025-10-17 00:02:30', 1),
(14, 3, 1, 'text', 'hi', NULL, NULL, NULL, '2025-10-17 00:03:13', 1),
(15, 3, 2, 'text', 'did u just sent as admin ha ha!!!!!!', NULL, NULL, NULL, '2025-10-17 00:04:07', 1),
(16, 2, NULL, 'text', 'this is user 111111111', NULL, NULL, NULL, '2025-10-17 00:26:00', 1),
(17, 2, 1, 'text', 'hi admin he he', NULL, NULL, NULL, '2025-10-17 00:26:59', 1),
(18, 1, 2, 'text', 'ok tell me what?', NULL, NULL, NULL, '2025-10-17 00:27:25', 1),
(19, 2, NULL, 'text', 'hi admin', NULL, NULL, NULL, '2025-10-17 00:42:46', 1),
(20, 2, 1, 'text', 'i want something', NULL, NULL, NULL, '2025-10-17 00:42:57', 1),
(21, 1, 2, 'text', 'what?', NULL, NULL, NULL, '2025-10-17 00:43:58', 1),
(22, 2, NULL, 'text', 'hi', NULL, NULL, NULL, '2025-10-17 00:44:46', 1),
(23, 1, NULL, 'text', 'hi', NULL, NULL, NULL, '2025-10-17 00:45:49', 1),
(24, 2, 1, 'text', 'salary', NULL, NULL, NULL, '2025-10-17 00:46:09', 1),
(25, 1, NULL, 'text', 'hi', NULL, NULL, NULL, '2025-10-17 00:48:22', 1),
(26, 2, 1, 'text', 'ok', NULL, NULL, NULL, '2025-10-17 00:48:47', 1),
(27, 1, 2, 'text', 'hii', NULL, NULL, NULL, '2025-10-17 01:06:17', 1),
(28, 2, NULL, 'text', 'hello', NULL, NULL, NULL, '2025-10-17 01:06:37', 1),
(29, 1, 2, 'text', 'hi', NULL, NULL, NULL, '2025-10-17 01:07:08', 1),
(30, 1, 2, 'text', 'hi', NULL, NULL, NULL, '2025-10-17 01:07:08', 1),
(31, 1, 2, 'text', 'hello', NULL, NULL, NULL, '2025-10-17 01:07:19', 1),
(32, 1, 2, 'text', 'hello user1', NULL, NULL, NULL, '2025-10-17 01:24:33', 1),
(33, 2, NULL, 'text', 'hillo', NULL, NULL, NULL, '2025-10-17 01:25:17', 1),
(34, 2, 1, 'text', 'ok', NULL, NULL, NULL, '2025-10-17 01:25:21', 1),
(35, 2, NULL, 'text', 'hi admin', NULL, NULL, NULL, '2025-10-17 01:26:33', 1),
(36, 2, 1, 'text', 'hi admin', NULL, NULL, NULL, '2025-10-17 01:26:38', 1),
(37, 3, 1, 'text', 'hello admin', NULL, NULL, NULL, '2025-10-17 01:27:20', 1),
(38, 1, 3, 'text', 'hi', NULL, NULL, NULL, '2025-10-17 01:27:32', 1),
(39, 1, NULL, 'text', 'helo', NULL, NULL, NULL, '2025-10-17 01:27:37', 1),
(40, 3, NULL, 'text', 'hello', NULL, NULL, NULL, '2025-10-17 01:28:09', 1),
(41, 3, NULL, 'text', 'helllo', NULL, NULL, NULL, '2025-10-17 01:28:10', 1),
(42, 3, 1, 'text', 'heelo', NULL, NULL, NULL, '2025-10-17 01:28:15', 1),
(43, 1, 3, 'text', 'he', NULL, NULL, NULL, '2025-10-17 01:28:30', 1),
(44, 1, 3, 'text', 'he', NULL, NULL, NULL, '2025-10-17 01:28:31', 1),
(45, 1, 3, 'text', 'he', NULL, NULL, NULL, '2025-10-17 01:28:32', 1),
(46, 3, 1, 'text', 'hi\'', NULL, NULL, NULL, '2025-10-17 01:29:03', 1),
(47, 3, NULL, 'text', 'helo', NULL, NULL, NULL, '2025-10-17 01:29:07', 1),
(48, 1, NULL, 'file', 'hie', '0019.jpg', 'uploads/68f19c09e4259_0019.jpg', 96234, '2025-10-17 01:29:45', 1),
(49, 1, NULL, 'file', 'ok', '0-02-06-fddc9f44c420e0cc48ad0c25f1b0be8ed6a49111d4cc95469a0da32de6f675d7_218e64af91c6708f.mp4', 'uploads/68f19c1643e5a_0-02-06-fddc9f44c420e0cc48ad0c25f1b0be8ed6a49111d4cc95469a0da32de6f675d7_218e64af91c6708f.mp4', 9281948, '2025-10-17 01:29:58', 1),
(50, 1, NULL, 'file', 'ok', 'first batch (1).xlsx', 'uploads/68f19c2979354_first batch (1).xlsx', 174239, '2025-10-17 01:30:17', 1),
(51, 2, NULL, 'text', 'hi', NULL, NULL, NULL, '2025-10-17 01:45:59', 1),
(52, 2, NULL, 'file', 'hi', 'first batch.xlsx', 'uploads/68f19fe988b02_first batch.xlsx', 174239, '2025-10-17 01:46:17', 1),
(53, 1, NULL, 'file', 'ki', 'first batch.xlsx', './assets/uploads/68f1a0a0a17f4_first batch.xlsx', 174239, '2025-10-17 01:49:20', 1),
(54, 1, NULL, 'file', 'ij', '0023.jpg', './assets/uploads/68f1a0ce17646_0023.jpg', 113640, '2025-10-17 01:50:06', 1),
(55, 1, NULL, 'file', 'hui', '0-02-06-fddc9f44c420e0cc48ad0c25f1b0be8ed6a49111d4cc95469a0da32de6f675d7_218e64af91c6708f.mp4', './assets/uploads/68f1a0ec2357d_0-02-06-fddc9f44c420e0cc48ad0c25f1b0be8ed6a49111d4cc95469a0da32de6f675d7_218e64af91c6708f.mp4', 9281948, '2025-10-17 01:50:36', 1),
(56, 2, NULL, 'text', 'hhi', NULL, NULL, NULL, '2025-10-17 01:51:32', 1),
(57, 1, NULL, 'text', 'jjd', NULL, NULL, NULL, '2025-10-17 01:51:43', 1),
(58, 1, NULL, 'text', 'thank you sir', NULL, NULL, NULL, '2025-10-24 05:52:13', 1),
(59, 2, 3, 'text', 'hi user2', NULL, NULL, NULL, '2025-10-24 06:00:15', 1),
(60, 3, NULL, 'text', 'hi', NULL, NULL, NULL, '2025-10-24 06:01:55', 1),
(61, 3, 2, 'text', 'say it user2', NULL, NULL, NULL, '2025-10-24 06:02:02', 1),
(62, 1, 3, 'text', 'hi', NULL, NULL, NULL, '2025-10-24 06:04:41', 1),
(63, 1, NULL, 'text', 'hi', NULL, NULL, NULL, '2025-10-24 06:04:46', 1),
(64, 2, NULL, 'text', 'hi', NULL, NULL, NULL, '2025-10-24 06:08:34', 1),
(65, 1, NULL, 'text', 'hi', NULL, NULL, NULL, '2025-10-24 06:29:20', 1),
(66, 1, NULL, 'text', 'hi', NULL, NULL, NULL, '2025-10-24 06:29:21', 1),
(67, 1, NULL, 'text', 'hi', NULL, NULL, NULL, '2025-10-24 06:29:22', 1),
(68, 1, NULL, 'text', 'hi', NULL, NULL, NULL, '2025-10-24 06:29:23', 1),
(69, 2, NULL, 'text', 'hiiiii', NULL, NULL, NULL, '2025-10-24 06:52:53', 1),
(70, 2, NULL, 'text', 'hiiii', NULL, NULL, NULL, '2025-10-24 06:52:54', 1),
(71, 1, NULL, 'text', 'hi', NULL, NULL, NULL, '2025-10-24 07:02:00', 1),
(72, 1, NULL, 'text', 'hi', NULL, NULL, NULL, '2025-10-24 07:02:01', 1),
(73, 1, 2, 'text', 'hi', NULL, NULL, NULL, '2025-10-24 07:02:05', 1),
(74, 2, NULL, 'text', 'hi', NULL, NULL, NULL, '2025-10-24 07:09:01', 1),
(75, 2, NULL, 'text', 'hi', NULL, NULL, NULL, '2025-10-24 07:09:02', 1),
(76, 1, NULL, 'text', 'hi', NULL, NULL, NULL, '2025-10-24 21:24:27', 1),
(77, 1, NULL, 'text', 'hi', NULL, NULL, NULL, '2025-10-24 21:24:27', 1),
(78, 1, 2, 'text', 'hi', NULL, NULL, NULL, '2025-10-24 21:24:32', 1),
(79, 2, NULL, 'text', 'hi', NULL, NULL, NULL, '2025-10-24 21:26:09', 1),
(80, 2, 3, 'text', 'ji', NULL, NULL, NULL, '2025-10-24 21:26:15', 1),
(81, 1, 3, 'text', 'hi', NULL, NULL, NULL, '2025-10-24 21:31:51', 1),
(82, 1, NULL, 'text', 'hi', NULL, NULL, NULL, '2025-10-24 21:32:59', 1),
(83, 2, NULL, 'text', 'hi', NULL, NULL, NULL, '2025-10-24 21:42:18', 1),
(84, 2, NULL, 'text', 'hi', NULL, NULL, NULL, '2025-10-24 21:42:34', 1),
(85, 2, 1, 'text', 'hi', NULL, NULL, NULL, '2025-10-24 21:42:39', 1),
(86, 1, NULL, 'text', 'hi', NULL, NULL, NULL, '2025-10-24 21:49:00', 1),
(87, 3, NULL, 'text', 'hi', NULL, NULL, NULL, '2025-10-24 21:51:12', 1),
(88, 1, 2, 'text', 'hi', NULL, NULL, NULL, '2025-10-24 22:04:56', 1),
(89, 1, NULL, 'text', 'hi', NULL, NULL, NULL, '2025-10-24 22:05:13', 1),
(90, 1, NULL, 'text', 'hi', NULL, NULL, NULL, '2025-10-24 22:05:14', 1),
(91, 1, 2, 'text', 'hi', NULL, NULL, NULL, '2025-10-24 22:05:20', 1),
(92, 2, NULL, 'text', 'hi', NULL, NULL, NULL, '2025-10-24 22:06:01', 1),
(93, 2, NULL, 'text', 'hi', NULL, NULL, NULL, '2025-10-24 22:06:02', 1),
(94, 2, NULL, 'text', 'hi', NULL, NULL, NULL, '2025-10-24 22:06:03', 1),
(95, 2, 1, 'text', 'hi', NULL, NULL, NULL, '2025-10-24 22:06:07', 1),
(96, 1, 2, 'text', 'hi', NULL, NULL, NULL, '2025-10-24 22:41:50', 1),
(97, 1, NULL, 'text', 'hi', NULL, NULL, NULL, '2025-10-24 22:41:55', 1),
(98, 2, 1, 'text', 'hi', NULL, NULL, NULL, '2025-10-24 22:45:28', 1),
(99, 2, NULL, 'file', 'ok', '0019.jpg', './assets/uploads/68fc019bdd612_0019.jpg', 96234, '2025-10-24 22:45:47', 1),
(100, 2, NULL, 'file', 'ok', 'ds Rp format.docx', './assets/uploads/68fc01ab3ef61_ds Rp format.docx', 58947, '2025-10-24 22:46:03', 1),
(101, 2, NULL, 'file', 'ok', 'Final Audits for all chicken farm.xlsx', './assets/uploads/68fc01c409f71_Final Audits for all chicken farm.xlsx', 356263, '2025-10-24 22:46:28', 1),
(102, 2, NULL, 'file', 'ok', '0-02-06-fddc9f44c420e0cc48ad0c25f1b0be8ed6a49111d4cc95469a0da32de6f675d7_218e64af91c6708f.mp4', './assets/uploads/68fc01e5ad4e0_0-02-06-fddc9f44c420e0cc48ad0c25f1b0be8ed6a49111d4cc95469a0da32de6f675d7_218e64af91c6708f.mp4', 9281948, '2025-10-24 22:47:01', 1),
(103, 1, NULL, 'file', 'ok?', '0023.jpg', './assets/uploads/690d6f2e9cdf2_0023.jpg', 113640, '2025-11-07 04:01:50', 0),
(104, 1, NULL, 'file', 'ok?', 'pagination2.txt', './assets/uploads/690d6f4d5508f_pagination2.txt', 18186, '2025-11-07 04:02:21', 0),
(105, 1, NULL, 'text', 'hi', NULL, NULL, NULL, '2025-11-07 04:02:32', 0),
(106, 1, NULL, 'text', 'hi', NULL, NULL, NULL, '2025-11-07 04:02:34', 0);

-- --------------------------------------------------------

--
-- Table structure for table `pagination`
--

CREATE TABLE `pagination` (
  `id` int(11) NOT NULL,
  `page_number` int(11) NOT NULL,
  `page_type` varchar(50) NOT NULL COMMENT 'sales, food, medicine, etc.',
  `current_page` int(11) NOT NULL DEFAULT 1,
  `total_pages` int(11) NOT NULL DEFAULT 1,
  `date_created` timestamp NOT NULL DEFAULT current_timestamp(),
  `is_active` tinyint(1) DEFAULT 1,
  `farm_id` int(11) DEFAULT 1
) ENGINE=InnoDB DEFAULT CHARSET=utf8mb4;

--
-- Dumping data for table `pagination`
--

INSERT INTO `pagination` (`id`, `page_number`, `page_type`, `current_page`, `total_pages`, `date_created`, `is_active`, `farm_id`) VALUES
(1, 1, 'sales', 1, 1, '2025-10-31 05:59:41', 1, 1),
(2, 1, 'food', 1, 1, '2025-10-31 05:59:41', 1, 1),
(3, 1, 'medicine', 1, 1, '2025-10-31 05:59:41', 1, 1),
(5, 1, 'summary', 1, 1, '2025-10-31 06:25:57', 1, 1),
(6, 1, 'grand-total', 1, 1, '2025-10-31 06:25:57', 1, 1),
(66, 6, 'summary', 1, 1, '2025-11-07 04:29:59', 1, 1),
(67, 6, 'food', 1, 1, '2025-11-07 04:29:59', 1, 1),
(68, 6, 'sales', 1, 1, '2025-11-07 04:29:59', 1, 1),
(69, 6, 'medicine', 1, 1, '2025-11-07 04:29:59', 1, 1),
(70, 6, 'grand-total', 1, 1, '2025-11-07 04:29:59', 1, 1),
(72, 7, 'summary', 1, 1, '2025-11-07 22:04:51', 1, 1),
(73, 7, 'food', 1, 1, '2025-11-07 22:04:51', 1, 1),
(74, 7, 'sales', 1, 1, '2025-11-07 22:04:51', 1, 1),
(75, 7, 'medicine', 1, 1, '2025-11-07 22:04:51', 1, 1),
(76, 7, 'grand-total', 1, 1, '2025-11-07 22:04:51', 1, 1),
(82, 9, 'summary', 1, 1, '2025-11-07 22:04:55', 1, 1),
(83, 9, 'food', 1, 1, '2025-11-07 22:04:55', 1, 1),
(84, 9, 'sales', 1, 1, '2025-11-07 22:04:55', 1, 1),
(85, 9, 'medicine', 1, 1, '2025-11-07 22:04:55', 1, 1),
(86, 9, 'grand-total', 1, 1, '2025-11-07 22:04:55', 1, 1),
(87, 10, 'summary', 1, 1, '2025-11-07 22:04:56', 1, 1),
(88, 10, 'food', 1, 1, '2025-11-07 22:04:56', 1, 1),
(89, 10, 'sales', 1, 1, '2025-11-07 22:04:56', 1, 1),
(90, 10, 'medicine', 1, 1, '2025-11-07 22:04:56', 1, 1),
(91, 10, 'grand-total', 1, 1, '2025-11-07 22:04:56', 1, 1),
(92, 11, 'summary', 1, 1, '2025-11-07 22:04:56', 1, 1),
(93, 11, 'food', 1, 1, '2025-11-07 22:04:56', 1, 1),
(94, 11, 'sales', 1, 1, '2025-11-07 22:04:56', 1, 1),
(95, 11, 'medicine', 1, 1, '2025-11-07 22:04:56', 1, 1),
(96, 11, 'grand-total', 1, 1, '2025-11-07 22:04:56', 1, 1),
(97, 12, 'summary', 1, 1, '2025-11-07 22:04:57', 1, 1),
(98, 12, 'food', 1, 1, '2025-11-07 22:04:57', 1, 1),
(99, 12, 'sales', 1, 1, '2025-11-07 22:04:57', 1, 1),
(100, 12, 'medicine', 1, 1, '2025-11-07 22:04:57', 1, 1),
(101, 12, 'grand-total', 1, 1, '2025-11-07 22:04:57', 1, 1),
(102, 13, 'summary', 1, 1, '2025-11-07 22:04:57', 1, 1),
(103, 13, 'food', 1, 1, '2025-11-07 22:04:57', 1, 1),
(104, 13, 'sales', 1, 1, '2025-11-07 22:04:57', 1, 1),
(105, 13, 'medicine', 1, 1, '2025-11-07 22:04:57', 1, 1),
(106, 13, 'grand-total', 1, 1, '2025-11-07 22:04:57', 1, 1),
(107, 14, 'summary', 1, 1, '2025-11-07 22:04:57', 1, 1),
(108, 14, 'food', 1, 1, '2025-11-07 22:04:57', 1, 1),
(109, 14, 'sales', 1, 1, '2025-11-07 22:04:57', 1, 1),
(110, 14, 'medicine', 1, 1, '2025-11-07 22:04:57', 1, 1),
(111, 14, 'grand-total', 1, 1, '2025-11-07 22:04:57', 1, 1),
(127, 18, 'summary', 1, 1, '2025-11-07 22:04:59', 1, 1),
(128, 18, 'food', 1, 1, '2025-11-07 22:04:59', 1, 1),
(129, 18, 'sales', 1, 1, '2025-11-07 22:04:59', 1, 1),
(130, 18, 'medicine', 1, 1, '2025-11-07 22:04:59', 1, 1),
(131, 18, 'grand-total', 1, 1, '2025-11-07 22:04:59', 1, 1),
(132, 19, 'summary', 1, 1, '2025-11-07 22:04:59', 1, 1),
(133, 19, 'food', 1, 1, '2025-11-07 22:04:59', 1, 1),
(134, 19, 'sales', 1, 1, '2025-11-07 22:04:59', 1, 1),
(135, 19, 'medicine', 1, 1, '2025-11-07 22:04:59', 1, 1),
(136, 19, 'grand-total', 1, 1, '2025-11-07 22:04:59', 1, 1),
(155, 23, 'summary', 1, 1, '2025-11-08 19:20:28', 1, 2),
(156, 23, 'food', 1, 1, '2025-11-08 19:20:28', 1, 2),
(157, 23, 'sales', 1, 1, '2025-11-08 19:20:28', 1, 2),
(158, 23, 'medicine', 1, 1, '2025-11-08 19:20:28', 1, 2),
(159, 23, 'grand-total', 1, 1, '2025-11-08 19:20:28', 1, 2),
(160, 24, 'summary', 1, 1, '2025-11-08 20:15:52', 1, 2),
(161, 24, 'food', 1, 1, '2025-11-08 20:15:52', 1, 2),
(162, 24, 'sales', 1, 1, '2025-11-08 20:15:52', 1, 2),
(163, 24, 'medicine', 1, 1, '2025-11-08 20:15:52', 1, 2),
(164, 24, 'grand-total', 1, 1, '2025-11-08 20:15:52', 1, 2),
(170, 25, 'summary', 1, 1, '2025-11-08 20:52:48', 1, 2),
(171, 25, 'food', 1, 1, '2025-11-08 20:52:48', 1, 2),
(172, 25, 'sales', 1, 1, '2025-11-08 20:52:48', 1, 2),
(173, 25, 'medicine', 1, 1, '2025-11-08 20:52:48', 1, 2),
(174, 25, 'grand-total', 1, 1, '2025-11-08 20:52:48', 1, 2),
(175, 26, 'summary', 1, 1, '2025-11-08 23:01:55', 1, 3),
(176, 26, 'food', 1, 1, '2025-11-08 23:01:55', 1, 3),
(177, 26, 'sales', 1, 1, '2025-11-08 23:01:55', 1, 3),
(178, 26, 'medicine', 1, 1, '2025-11-08 23:01:55', 1, 3),
(179, 26, 'grand-total', 1, 1, '2025-11-08 23:01:55', 1, 3),
(180, 27, 'summary', 1, 1, '2025-11-08 23:02:06', 1, 3),
(181, 27, 'food', 1, 1, '2025-11-08 23:02:06', 1, 3),
(182, 27, 'sales', 1, 1, '2025-11-08 23:02:06', 1, 3),
(183, 27, 'medicine', 1, 1, '2025-11-08 23:02:06', 1, 3),
(184, 27, 'grand-total', 1, 1, '2025-11-08 23:02:06', 1, 3),
(190, 28, 'summary', 1, 1, '2025-11-08 23:02:33', 1, 3),
(191, 28, 'food', 1, 1, '2025-11-08 23:02:33', 1, 3),
(192, 28, 'sales', 1, 1, '2025-11-08 23:02:33', 1, 3),
(193, 28, 'medicine', 1, 1, '2025-11-08 23:02:33', 1, 3),
(194, 28, 'grand-total', 1, 1, '2025-11-08 23:02:33', 1, 3),
(200, 2, 'summary', 1, 1, '2025-11-09 00:37:29', 1, 1),
(201, 2, 'food', 1, 1, '2025-11-09 00:37:29', 1, 1),
(202, 2, 'sales', 1, 1, '2025-11-09 00:37:29', 1, 1),
(203, 2, 'medicine', 1, 1, '2025-11-09 00:37:29', 1, 1),
(204, 2, 'grand-total', 1, 1, '2025-11-09 00:37:29', 1, 1),
(205, 29, 'summary', 1, 1, '2025-11-09 00:42:18', 1, 4),
(206, 29, 'food', 1, 1, '2025-11-09 00:42:18', 1, 4),
(207, 29, 'sales', 1, 1, '2025-11-09 00:42:18', 1, 4),
(208, 29, 'medicine', 1, 1, '2025-11-09 00:42:18', 1, 4),
(209, 29, 'grand-total', 1, 1, '2025-11-09 00:42:18', 1, 4),
(210, 30, 'summary', 1, 1, '2025-11-09 00:42:26', 1, 4),
(211, 30, 'food', 1, 1, '2025-11-09 00:42:26', 1, 4),
(212, 30, 'sales', 1, 1, '2025-11-09 00:42:26', 1, 4),
(213, 30, 'medicine', 1, 1, '2025-11-09 00:42:26', 1, 4),
(214, 30, 'grand-total', 1, 1, '2025-11-09 00:42:26', 1, 4),
(221, 3, 'summary', 1, 1, '2025-11-09 00:44:25', 1, 4),
(222, 3, 'food', 1, 1, '2025-11-09 00:44:25', 1, 4),
(223, 3, 'sales', 1, 1, '2025-11-09 00:44:25', 1, 4),
(224, 3, 'medicine', 1, 1, '2025-11-09 00:44:25', 1, 4),
(225, 3, 'grand-total', 1, 1, '2025-11-09 00:44:25', 1, 4),
(226, 4, 'summary', 1, 1, '2025-11-09 01:36:06', 1, 4),
(227, 4, 'food', 1, 1, '2025-11-09 01:36:06', 1, 4),
(228, 4, 'sales', 1, 1, '2025-11-09 01:36:06', 1, 4),
(229, 4, 'medicine', 1, 1, '2025-11-09 01:36:06', 1, 4),
(230, 4, 'grand-total', 1, 1, '2025-11-09 01:36:06', 1, 4),
(240, 32, 'summary', 1, 1, '2025-11-09 11:32:55', 1, 1),
(241, 32, 'food', 1, 1, '2025-11-09 11:32:55', 1, 1),
(242, 32, 'sales', 1, 1, '2025-11-09 11:32:55', 1, 1),
(243, 32, 'medicine', 1, 1, '2025-11-09 11:32:55', 1, 1),
(244, 32, 'grand-total', 1, 1, '2025-11-09 11:32:55', 1, 1),
(245, 15, 'summary', 1, 1, '2025-11-09 12:11:28', 1, 1),
(246, 15, 'food', 1, 1, '2025-11-09 12:11:28', 1, 1),
(247, 15, 'sales', 1, 1, '2025-11-09 12:11:28', 1, 1),
(248, 15, 'medicine', 1, 1, '2025-11-09 12:11:28', 1, 1),
(249, 15, 'grand-total', 1, 1, '2025-11-09 12:11:28', 1, 1),
(280, 5, 'summary', 1, 1, '2025-11-09 21:16:49', 1, 4),
(281, 5, 'food', 1, 1, '2025-11-09 21:16:49', 1, 4),
(282, 5, 'sales', 1, 1, '2025-11-09 21:16:49', 1, 4),
(283, 5, 'medicine', 1, 1, '2025-11-09 21:16:49', 1, 4),
(284, 5, 'grand-total', 1, 1, '2025-11-09 21:16:49', 1, 4),
(285, 34, 'summary', 1, 1, '2025-11-10 00:55:30', 1, 4),
(286, 34, 'food', 1, 1, '2025-11-10 00:55:30', 1, 4),
(287, 34, 'sales', 1, 1, '2025-11-10 00:55:30', 1, 4),
(288, 34, 'medicine', 1, 1, '2025-11-10 00:55:30', 1, 4),
(289, 34, 'grand-total', 1, 1, '2025-11-10 00:55:30', 1, 4),
(290, 35, 'summary', 1, 1, '2025-11-12 20:27:38', 1, 8),
(291, 35, 'food', 1, 1, '2025-11-12 20:27:38', 1, 8),
(292, 35, 'sales', 1, 1, '2025-11-12 20:27:38', 1, 8),
(293, 35, 'medicine', 1, 1, '2025-11-12 20:27:38', 1, 8),
(294, 35, 'grand-total', 1, 1, '2025-11-12 20:27:38', 1, 8),
(310, 36, 'summary', 1, 1, '2025-11-12 20:29:23', 1, 8),
(311, 36, 'food', 1, 1, '2025-11-12 20:29:23', 1, 8),
(312, 36, 'sales', 1, 1, '2025-11-12 20:29:23', 1, 8),
(313, 36, 'medicine', 1, 1, '2025-11-12 20:29:23', 1, 8),
(314, 36, 'grand-total', 1, 1, '2025-11-12 20:29:23', 1, 8),
(335, 38, 'summary', 1, 1, '2025-11-13 01:16:08', 1, 1),
(336, 38, 'food', 1, 1, '2025-11-13 01:16:08', 1, 1),
(337, 38, 'sales', 1, 1, '2025-11-13 01:16:08', 1, 1),
(338, 38, 'medicine', 1, 1, '2025-11-13 01:16:08', 1, 1),
(339, 38, 'grand-total', 1, 1, '2025-11-13 01:16:08', 1, 1),
(340, 39, 'summary', 1, 1, '2025-11-13 01:38:43', 1, 5),
(341, 39, 'food', 1, 1, '2025-11-13 01:38:43', 1, 5),
(342, 39, 'sales', 1, 1, '2025-11-13 01:38:43', 1, 5),
(343, 39, 'medicine', 1, 1, '2025-11-13 01:38:43', 1, 5),
(344, 39, 'grand-total', 1, 1, '2025-11-13 01:38:43', 1, 5),
(345, 40, 'summary', 1, 1, '2025-11-13 01:38:50', 1, 5),
(346, 40, 'food', 1, 1, '2025-11-13 01:38:50', 1, 5),
(347, 40, 'sales', 1, 1, '2025-11-13 01:38:50', 1, 5),
(348, 40, 'medicine', 1, 1, '2025-11-13 01:38:50', 1, 5),
(349, 40, 'grand-total', 1, 1, '2025-11-13 01:38:50', 1, 5),
(355, 41, 'summary', 1, 1, '2025-11-13 01:43:34', 1, 5),
(356, 41, 'food', 1, 1, '2025-11-13 01:43:34', 1, 5),
(357, 41, 'sales', 1, 1, '2025-11-13 01:43:34', 1, 5),
(358, 41, 'medicine', 1, 1, '2025-11-13 01:43:34', 1, 5),
(359, 41, 'grand-total', 1, 1, '2025-11-13 01:43:34', 1, 5),
(360, 42, 'summary', 1, 1, '2025-11-14 04:56:55', 1, 13),
(361, 42, 'food', 1, 1, '2025-11-14 04:56:55', 1, 13),
(362, 42, 'sales', 1, 1, '2025-11-14 04:56:55', 1, 13),
(363, 42, 'medicine', 1, 1, '2025-11-14 04:56:55', 1, 13),
(364, 42, 'grand-total', 1, 1, '2025-11-14 04:56:55', 1, 13),
(380, 43, 'summary', 1, 1, '2025-11-15 12:28:53', 1, 24),
(381, 43, 'food', 1, 1, '2025-11-15 12:28:53', 1, 24),
(382, 43, 'sales', 1, 1, '2025-11-15 12:28:53', 1, 24),
(383, 43, 'medicine', 1, 1, '2025-11-15 12:28:53', 1, 24),
(384, 43, 'grand-total', 1, 1, '2025-11-15 12:28:53', 1, 24),
(385, 44, 'summary', 1, 1, '2025-11-15 12:37:57', 1, 14),
(386, 44, 'food', 1, 1, '2025-11-15 12:37:57', 1, 14),
(387, 44, 'sales', 1, 1, '2025-11-15 12:37:57', 1, 14),
(388, 44, 'medicine', 1, 1, '2025-11-15 12:37:57', 1, 14),
(389, 44, 'grand-total', 1, 1, '2025-11-15 12:37:57', 1, 14),
(390, 45, 'summary', 1, 1, '2025-11-15 13:28:34', 1, 5),
(391, 45, 'food', 1, 1, '2025-11-15 13:28:34', 1, 5),
(392, 45, 'sales', 1, 1, '2025-11-15 13:28:34', 1, 5),
(393, 45, 'medicine', 1, 1, '2025-11-15 13:28:34', 1, 5),
(394, 45, 'grand-total', 1, 1, '2025-11-15 13:28:34', 1, 5),
(430, 46, 'summary', 1, 1, '2025-11-16 10:05:06', 1, 5),
(431, 46, 'food', 1, 1, '2025-11-16 10:05:06', 1, 5),
(432, 46, 'sales', 1, 1, '2025-11-16 10:05:06', 1, 5),
(433, 46, 'medicine', 1, 1, '2025-11-16 10:05:06', 1, 5),
(434, 46, 'grand-total', 1, 1, '2025-11-16 10:05:06', 1, 5),
(460, 47, 'summary', 1, 1, '2025-11-16 14:29:14', 1, 15),
(461, 47, 'food', 1, 1, '2025-11-16 14:29:14', 1, 15),
(462, 47, 'sales', 1, 1, '2025-11-16 14:29:14', 1, 15),
(463, 47, 'medicine', 1, 1, '2025-11-16 14:29:14', 1, 15),
(464, 47, 'grand-total', 1, 1, '2025-11-16 14:29:14', 1, 15);

-- --------------------------------------------------------

--
-- Table structure for table `sales_summary`
--

CREATE TABLE `sales_summary` (
  `id` int(11) NOT NULL,
  `date` date NOT NULL,
  `sold_count` int(11) DEFAULT NULL,
  `weight_per_chicken` decimal(10,2) DEFAULT NULL,
  `total_sold_count` int(11) DEFAULT NULL,
  `total_weight` decimal(12,2) DEFAULT NULL,
  `daily_weight` decimal(10,2) DEFAULT NULL,
  `dead_count` int(11) DEFAULT NULL,
  `mortality_rate` decimal(5,2) DEFAULT NULL,
  `cumulative_sold_count` int(11) DEFAULT NULL,
  `surplus_deficit` int(11) DEFAULT NULL,
  `weight_21to30` int(11) DEFAULT NULL,
  `weight_31to36` int(11) DEFAULT NULL,
  `weight_37to_end` int(11) DEFAULT NULL,
  `total_chicken_weight` decimal(12,2) DEFAULT NULL,
  `total_feed_consumption_rate` decimal(5,2) DEFAULT NULL,
  `total_feed_weight` decimal(12,2) DEFAULT NULL,
  `final_weight` decimal(10,2) DEFAULT NULL,
  `fcr` decimal(5,2) DEFAULT NULL,
  `comments` text DEFAULT NULL,
  `created_at` timestamp NOT NULL DEFAULT current_timestamp(),
  `updated_at` timestamp NOT NULL DEFAULT current_timestamp() ON UPDATE current_timestamp(),
  `chicken_type` varchar(50) DEFAULT NULL,
  `initial_count` int(11) DEFAULT NULL,
  `current_count` int(11) DEFAULT NULL,
  `page_number` int(100) NOT NULL,
  `farm_id` int(11) DEFAULT 1,
  `has_comment` tinyint(1) DEFAULT 0,
  `comment_read` tinyint(1) DEFAULT 0,
  `comment_author_id` int(11) DEFAULT NULL,
  `comment_created_at` timestamp NULL DEFAULT NULL
) ENGINE=InnoDB DEFAULT CHARSET=utf8mb4;

--
-- Dumping data for table `sales_summary`
--

INSERT INTO `sales_summary` (`id`, `date`, `sold_count`, `weight_per_chicken`, `total_sold_count`, `total_weight`, `daily_weight`, `dead_count`, `mortality_rate`, `cumulative_sold_count`, `surplus_deficit`, `weight_21to30`, `weight_31to36`, `weight_37to_end`, `total_chicken_weight`, `total_feed_consumption_rate`, `total_feed_weight`, `final_weight`, `fcr`, `comments`, `created_at`, `updated_at`, `chicken_type`, `initial_count`, `current_count`, `page_number`, `farm_id`, `has_comment`, `comment_read`, `comment_author_id`, `comment_created_at`) VALUES
(10, '2025-10-28', 200, 312.10, 200, 312.10, 1.56, 198, 4.85, 3880, -2, 59, 19, 26, 4642.50, 320.00, 9843.20, 1.20, 2.10, '', '2025-10-28 07:23:29', '2025-10-31 06:04:24', 'CP', 4080, 3880, 1, 1, 0, 0, NULL, NULL),
(25, '2025-11-06', 0, 0.00, 200, 312.10, 1.56, 0, 0.00, 0, 0, 0, 0, 0, 4725.56, 0.00, 0.00, 1.22, 0.00, '', '2025-11-05 22:18:02', '2025-11-06 19:14:59', 'CP', 4080, 3880, 1, 1, 0, 0, NULL, NULL),
(39, '2025-11-07', 200, 312.10, 400, 624.20, 1.56, 198, 4.85, 3880, -2, 59, 19, 26, 4725.56, 320.00, 9843.20, 1.22, 2.06, '', '2025-11-07 20:47:00', '2025-11-12 21:27:24', 'CP', 4080, 3880, 1, 1, 0, 0, NULL, NULL),
(40, '2025-11-07', 0, 0.00, 400, 624.20, 1.56, 0, 0.00, 0, 0, 18, 13, 21, 4777.36, 0.00, 0.00, 1.23, 0.00, 'hello', '2025-11-07 20:47:00', '2025-11-13 01:03:37', 'CP', 4080, 3880, 1, 1, 1, 1, 1, '2025-11-13 01:03:14'),
(41, '2025-11-07', 0, 0.00, 400, 624.20, 1.56, 0, 0.00, 0, 0, 0, 0, 0, 4808.66, 0.00, 0.00, 1.24, 0.00, 'fist', '2025-11-07 20:47:00', '2025-11-13 01:04:10', 'CP', 4080, 3880, 1, 1, 1, 1, 1, '2025-11-13 01:03:02'),
(42, '2025-11-07', 200, 0.00, 600, 624.20, 1.04, 0, 0.00, 0, -4080, 0, 0, 0, 4808.66, 0.00, 0.00, 1.24, 0.00, 'fix it please', '2025-11-07 20:48:10', '2025-11-13 01:15:23', 'CP', 4080, 3880, 1, 1, 1, 1, 1, '2025-11-13 00:50:23'),
(44, '2025-11-07', 200, 0.00, 200, 0.00, 0.00, 0, 0.00, 0, -4080, 0, 0, 0, 0.00, 0.00, 0.00, 0.00, 0.00, '', '2025-11-07 21:06:58', '2025-11-07 21:06:58', 'CP', 4080, 3880, 1, 2, 0, 0, NULL, NULL),
(45, '2025-11-07', 500, 0.00, 1100, 624.20, 0.57, 0, 0.00, 0, -4080, 0, 0, 0, 4808.66, 0.00, 0.00, 1.24, 0.00, 'kkkd', '2025-11-07 21:08:01', '2025-11-13 00:49:48', 'CP', 4080, 3880, 1, 1, 1, 1, 1, '2025-11-13 00:26:08'),
(46, '2025-11-07', 500, 0.00, 1600, 624.20, 0.39, 0, 0.00, 0, -4080, 0, 0, 0, 4808.66, 0.00, 0.00, 1.24, 0.00, 'ok', '2025-11-07 21:19:15', '2025-11-13 00:36:07', 'CP', 4080, 3880, 1, 1, 1, 1, 1, '2025-11-13 00:11:06'),
(47, '2025-11-07', 500, 0.00, 500, 0.00, 0.00, 120, 2.94, 0, -3960, 0, 0, 0, 0.00, 0.00, 0.00, 0.00, 0.00, '', '2025-11-07 21:31:21', '2025-11-07 21:33:12', 'CP', 4080, 3880, 1, 4, 0, 0, NULL, NULL),
(48, '2025-11-07', 1000, 0.00, 1500, 0.00, 0.00, 0, 0.00, 0, 0, 0, 0, 0, 0.00, 0.00, 0.00, 0.00, 0.00, '', '2025-11-07 21:31:34', '2025-11-07 21:35:13', 'CP', 4080, 3880, 1, 4, 0, 0, NULL, NULL),
(49, '2025-11-07', 900, 0.00, 900, 0.00, 0.00, 0, 0.00, 0, -4080, 0, 0, 0, 0.00, 0.00, 0.00, 0.00, 0.00, '', '2025-11-07 21:35:57', '2025-11-07 21:35:57', 'CP', 4080, 3880, 1, 5, 0, 0, NULL, NULL),
(50, '2025-11-07', 990, 0.00, 1890, 0.00, 0.00, 0, 0.00, 0, 0, 0, 0, 0, 0.00, 0.00, 0.00, 0.00, 0.00, '', '2025-11-07 21:36:48', '2025-11-07 21:36:48', 'CP', 4080, 3880, 1, 5, 0, 0, NULL, NULL),
(55, '2025-11-08', 100, 0.00, 100, 0.00, 0.00, 0, 0.00, 0, -4080, 0, 0, 0, 0.00, 0.00, 0.00, 0.00, 0.00, '', '2025-11-08 23:09:30', '2025-11-08 23:09:30', 'CP', 4080, 3880, 24, 2, 0, 0, NULL, NULL),
(56, '2025-11-08', 0, 999.00, 0, 999.00, 0.00, 0, 0.00, 0, -4080, 0, 0, 0, 0.00, 0.00, 0.00, 0.00, 0.00, '', '2025-11-08 23:09:50', '2025-11-08 23:09:50', 'CP', 4080, 3880, 24, 2, 0, 0, NULL, NULL),
(64, '2025-11-09', 9090, 0.00, 9290, 0.00, 0.00, 0, 0.00, 0, 0, 0, 0, 0, 0.00, 0.00, 0.00, 0.00, 0.00, '', '2025-11-09 00:07:28', '2025-11-09 00:07:28', 'CP', 4080, 3880, 1, 2, 0, 0, NULL, NULL),
(80, '2025-11-09', 499, 0.00, 499, 0.00, 0.00, 0, 0.00, 0, -4080, 0, 0, 0, 0.00, 0.00, 0.00, 0.00, 0.00, 'ki', '2025-11-09 00:41:51', '2025-11-12 22:23:40', 'CP', 4080, 3880, 2, 1, 1, 0, 1, '2025-11-12 22:22:43'),
(81, '2025-11-09', 90, 0.00, 90, 0.00, 0.00, 0, 0.00, 0, -4080, 0, 0, 0, 0.00, 0.00, 0.00, 0.00, 0.00, '', '2025-11-09 00:42:46', '2025-11-09 00:42:46', 'CP', 4080, 3880, 30, 4, 0, 0, NULL, NULL),
(82, '2025-11-09', 90, 0.00, 90, 0.00, 0.00, 0, 0.00, 0, -4080, 0, 0, 0, 0.00, 0.00, 0.00, 0.00, 0.00, '', '2025-11-09 00:42:52', '2025-11-09 00:42:52', 'CP', 4080, 3880, 30, 4, 0, 0, NULL, NULL),
(84, '2025-11-09', 99999, 0.00, 99999, 0.00, 0.00, 0, 0.00, 0, -4080, 0, 0, 0, 0.00, 0.00, 0.00, 0.00, 0.00, '', '2025-11-09 00:44:25', '2025-11-09 00:44:25', 'CP', 4080, 3880, 3, 4, 0, 0, NULL, NULL),
(98, '2025-11-10', 100, 2.50, 1700, 626.70, 0.37, 2, 0.05, 100, -3980, 0, 0, 0, 4808.66, 50.00, 1538.00, 1.24, 0.32, 'hello okk', '2025-11-09 11:47:54', '2025-11-13 00:35:53', 'CP', 4080, 3880, 1, 1, 1, 1, 1, '2025-11-13 00:10:20'),
(115, '2025-11-08', 900, 0.00, 2400, 0.00, 0.00, 0, 0.00, 0, 0, 0, 0, 0, 0.00, 0.00, 0.00, 0.00, 0.00, '', '2025-11-09 20:56:01', '2025-11-09 20:56:01', 'CP', 4080, 3880, 1, 4, 0, 0, NULL, NULL),
(122, '2025-11-10', 500, 0.00, 500, 0.00, 0.00, 0, 0.00, 0, -4080, 0, 0, 0, 0.00, 0.00, 0.00, 0.00, 0.00, '', '2025-11-10 00:54:05', '2025-11-10 00:54:05', 'CP', 4080, 3880, 5, 4, 0, 0, NULL, NULL),
(123, '2025-11-11', 900, 0.00, 1400, 0.00, 0.00, 0, 0.00, 0, 0, 0, 0, 0, 0.00, 0.00, 0.00, 0.00, 0.00, '', '2025-11-10 00:54:27', '2025-11-10 00:54:27', 'CP', 4080, 3880, 5, 4, 0, 0, NULL, NULL),
(125, '2025-11-10', 100, 0.00, 100, 0.00, 0.00, 0, 0.00, 0, -4080, 0, 0, 0, 0.00, 0.00, 0.00, 0.00, 0.00, '', '2025-11-10 00:56:02', '2025-11-10 00:56:02', 'CP', 4080, 3880, 15, 1, 0, 0, NULL, NULL),
(126, '2025-11-11', 100, 0.00, 200, 0.00, 0.00, 0, 0.00, 0, 0, 18, 0, 0, 17.70, 0.00, 0.00, 0.00, 0.00, '', '2025-11-10 00:56:31', '2025-11-10 00:56:31', 'CP', 4080, 3880, 15, 1, 0, 0, NULL, NULL),
(127, '2025-11-12', 100, 0.00, 100, 0.00, 0.00, 0, 0.00, 0, -4080, 59, 0, 0, 0.00, 0.00, 0.00, 0.00, 0.00, '', '2025-11-12 20:28:26', '2025-11-12 20:28:26', 'CP', 4080, 3880, 1, 8, 0, 0, NULL, NULL),
(128, '2025-11-13', 100, 0.00, 200, 0.00, 0.00, 0, 0.00, 0, 0, 18, 0, 0, 17.70, 0.00, 0.00, 0.00, 0.00, '', '2025-11-12 20:28:53', '2025-11-12 20:28:53', 'CP', 4080, 3880, 1, 8, 0, 0, NULL, NULL),
(129, '2025-11-14', 100, 0.00, 300, 0.00, 0.00, 0, 0.00, 0, 0, 0, 0, 0, 23.01, 0.00, 0.00, 0.01, 0.00, '', '2025-11-12 20:29:12', '2025-11-12 20:29:12', 'CP', 4080, 3880, 1, 8, 0, 0, NULL, NULL),
(139, '2025-11-13', 100, 0.00, 100, 0.00, 0.00, 0, 0.00, 0, -4080, 59, 59, 59, 0.00, 0.00, 0.00, 0.00, 0.00, '', '2025-11-13 01:47:52', '2025-11-13 01:51:10', 'CP', 4080, 3880, 41, 5, 0, 0, NULL, NULL),
(141, '2025-11-14', 0, 0.00, 100, 0.00, 0.00, 0, 0.00, 0, 0, 18, 41, 47, 106.20, 0.00, 0.00, 0.03, 0.00, '', '2025-11-13 01:50:48', '2025-11-13 01:50:48', 'CP', 4080, 3880, 41, 5, 0, 0, NULL, NULL),
(142, '2025-11-14', 0, 0.00, 0, 0.00, 0.00, 0, 0.00, 0, 0, 0, 0, 0, 0.00, 0.00, 0.00, 0.00, 0.00, NULL, '2025-11-14 13:52:45', '2025-11-14 13:52:45', 'CP', 4080, 3880, 40, 5, 0, 0, NULL, NULL),
(144, '2025-11-14', 0, 0.00, 0, 0.00, 0.00, 0, 0.00, 0, 0, 0, 0, 0, 0.00, 0.00, 0.00, 0.00, 0.00, NULL, '2025-11-14 20:27:55', '2025-11-14 20:27:55', 'CP', 4080, 3880, 39, 5, 0, 0, NULL, NULL),
(145, '2025-11-15', 0, 0.00, 0, 0.00, 0.00, 0, 0.00, 0, 0, 0, 0, 0, 0.00, 0.00, 0.00, 0.00, 0.00, NULL, '2025-11-15 00:08:24', '2025-11-15 00:08:24', 'CP', 4080, 3880, 23, 2, 0, 0, NULL, NULL),
(146, '2025-11-15', 0, 0.00, 0, 0.00, 0.00, 0, 0.00, 0, 0, 0, 0, 0, 0.00, 0.00, 0.00, 0.00, 0.00, NULL, '2025-11-15 00:09:04', '2025-11-15 00:09:04', 'CP', 4080, 3880, 25, 2, 0, 0, NULL, NULL),
(147, '2025-11-16', 200, 312.10, 200, 312.10, 1.56, 198, 4.85, 3880, -2, 59, 19, 26, 6413.95, 320.00, 9843.20, 1.65, 1.52, '', '2025-11-15 21:05:21', '2025-11-15 21:05:21', 'KBZ', 4080, 3880, 4, 5, 0, 0, NULL, NULL),
(148, '2025-11-16', 900, 1450.90, 1100, 1763.00, 1.60, 0, 0.00, 0, 0, 18, 13, 21, 6465.75, 0.00, 0.00, 0.00, 0.00, '', '2025-11-15 21:05:21', '2025-11-15 21:05:21', 'KBZ', 4080, 3880, 4, 5, 0, 0, NULL, NULL),
(149, '2025-11-16', 941, 1564.25, 2041, 3327.25, 1.63, 0, 0.00, 0, 0, 0, 0, 0, 0.00, 0.00, 0.00, 0.00, 0.00, '', '2025-11-15 21:05:21', '2025-11-15 21:05:21', 'KBZ', 4080, 3880, 4, 5, 0, 0, NULL, NULL),
(150, '2025-11-16', 960, 1670.15, 3001, 4997.40, 1.67, 0, 0.00, 0, 0, 0, 0, 0, 0.00, 0.00, 0.00, 0.00, 0.00, '', '2025-11-15 21:05:21', '2025-11-15 21:05:21', 'KBZ', 4080, 3880, 4, 5, 0, 0, NULL, NULL),
(151, '2025-11-16', 879, 1416.55, 3880, 6413.95, 1.65, 0, 0.00, 0, 0, 0, 0, 0, 0.00, 0.00, 0.00, 0.00, 0.00, '', '2025-11-15 21:05:21', '2025-11-15 21:05:21', 'KBZ', 4080, 3880, 4, 5, 0, 0, NULL, NULL),
(153, '2025-11-15', 0, 0.00, 0, 0.00, 0.00, 0, 0.00, 0, 0, 0, 0, 0, 0.00, 0.00, 0.00, 0.00, 0.00, NULL, '2025-11-15 21:08:32', '2025-11-15 21:08:32', 'CP', 4080, 3880, 45, 5, 0, 0, NULL, NULL),
(163, '2025-11-16', 0, 0.00, 0, 0.00, 0.00, 0, 0.00, 0, 0, 0, 0, 0, 0.00, 0.00, 0.00, 0.00, 0.00, NULL, '2025-11-16 15:35:24', '2025-11-16 15:35:24', 'CP', 4080, 3880, 26, 3, 0, 0, NULL, NULL),
(164, '2025-11-16', 0, 0.00, 0, 0.00, 0.00, 0, 0.00, 0, 0, 0, 0, 0, 0.00, 0.00, 0.00, 0.00, 0.00, NULL, '2025-11-16 15:35:57', '2025-11-16 15:35:57', 'CP', 4080, 3880, 46, 5, 0, 0, NULL, NULL);

-- --------------------------------------------------------

--
-- Table structure for table `users`
--

CREATE TABLE `users` (
  `id` int(11) NOT NULL,
  `username` varchar(50) NOT NULL,
  `password` varchar(255) DEFAULT NULL,
  `role` enum('admin','user') NOT NULL,
  `created_at` timestamp NOT NULL DEFAULT current_timestamp(),
  `is_active` tinyint(1) DEFAULT 1,
  `last_activity` timestamp NOT NULL DEFAULT current_timestamp() ON UPDATE current_timestamp(),
  `profile_pic` varchar(255) DEFAULT 'default_avatar.jpg'
) ENGINE=InnoDB DEFAULT CHARSET=utf8mb4;

--
-- Dumping data for table `users`
--

INSERT INTO `users` (`id`, `username`, `password`, `role`, `created_at`, `is_active`, `last_activity`, `profile_pic`) VALUES
(1, 'admin', 'password', 'admin', '2025-10-16 22:31:07', 1, '2025-11-07 05:19:54', '68f9be37922bf.jpg'),
(2, 'user1', 'p1010', 'user', '2025-10-16 22:31:07', 1, '2025-10-24 23:35:04', '68f9d594e1eb4.jpg'),
(3, 'user2', 'password', 'user', '2025-10-16 22:31:07', 1, '2025-10-24 21:51:14', 'default_avatar.jpg'),
(4, 'user3', 'password', 'user', '2025-10-16 22:31:07', 1, '2025-10-24 21:53:10', 'default_avatar.jpg');

--
-- Indexes for dumped tables
--

--
-- Indexes for table `farms`
--
ALTER TABLE `farms`
  ADD PRIMARY KEY (`id`),
  ADD UNIQUE KEY `farm_no` (`farm_no`),
  ADD UNIQUE KEY `farm_username` (`farm_username`);

--
-- Indexes for table `food_summary`
--
ALTER TABLE `food_summary`
  ADD PRIMARY KEY (`id`),
  ADD KEY `farm_id` (`farm_id`);

--
-- Indexes for table `history_logs`
--
ALTER TABLE `history_logs`
  ADD PRIMARY KEY (`id`),
  ADD KEY `user_id` (`user_id`),
  ADD KEY `farm_id` (`farm_id`),
  ADD KEY `table_name` (`table_name`),
  ADD KEY `action_type` (`action_type`),
  ADD KEY `created_at` (`created_at`);

--
-- Indexes for table `messages`
--
ALTER TABLE `messages`
  ADD PRIMARY KEY (`id`),
  ADD KEY `sender_id` (`sender_id`),
  ADD KEY `receiver_id` (`receiver_id`);

--
-- Indexes for table `pagination`
--
ALTER TABLE `pagination`
  ADD PRIMARY KEY (`id`),
  ADD UNIQUE KEY `unique_page` (`page_number`,`page_type`),
  ADD KEY `farm_id` (`farm_id`);

--
-- Indexes for table `sales_summary`
--
ALTER TABLE `sales_summary`
  ADD PRIMARY KEY (`id`),
  ADD KEY `farm_id` (`farm_id`),
  ADD KEY `fk_sales_pagination` (`page_number`),
  ADD KEY `comment_author_id` (`comment_author_id`);

--
-- Indexes for table `users`
--
ALTER TABLE `users`
  ADD PRIMARY KEY (`id`),
  ADD UNIQUE KEY `username` (`username`);

--
-- AUTO_INCREMENT for dumped tables
--

--
-- AUTO_INCREMENT for table `farms`
--
ALTER TABLE `farms`
  MODIFY `id` int(11) NOT NULL AUTO_INCREMENT, AUTO_INCREMENT=31;

--
-- AUTO_INCREMENT for table `food_summary`
--
ALTER TABLE `food_summary`
  MODIFY `id` int(11) NOT NULL AUTO_INCREMENT, AUTO_INCREMENT=2;

--
-- AUTO_INCREMENT for table `history_logs`
--
ALTER TABLE `history_logs`
  MODIFY `id` int(11) NOT NULL AUTO_INCREMENT, AUTO_INCREMENT=28;

--
-- AUTO_INCREMENT for table `messages`
--
ALTER TABLE `messages`
  MODIFY `id` int(11) NOT NULL AUTO_INCREMENT, AUTO_INCREMENT=107;

--
-- AUTO_INCREMENT for table `pagination`
--
ALTER TABLE `pagination`
  MODIFY `id` int(11) NOT NULL AUTO_INCREMENT, AUTO_INCREMENT=465;

--
-- AUTO_INCREMENT for table `sales_summary`
--
ALTER TABLE `sales_summary`
  MODIFY `id` int(11) NOT NULL AUTO_INCREMENT, AUTO_INCREMENT=165;

--
-- AUTO_INCREMENT for table `users`
--
ALTER TABLE `users`
  MODIFY `id` int(11) NOT NULL AUTO_INCREMENT, AUTO_INCREMENT=5;

--
-- Constraints for dumped tables
--

--
-- Constraints for table `food_summary`
--
ALTER TABLE `food_summary`
  ADD CONSTRAINT `food_summary_ibfk_1` FOREIGN KEY (`farm_id`) REFERENCES `farms` (`id`);

--
-- Constraints for table `history_logs`
--
ALTER TABLE `history_logs`
  ADD CONSTRAINT `history_logs_ibfk_1` FOREIGN KEY (`user_id`) REFERENCES `users` (`id`),
  ADD CONSTRAINT `history_logs_ibfk_2` FOREIGN KEY (`farm_id`) REFERENCES `farms` (`id`);

--
-- Constraints for table `messages`
--
ALTER TABLE `messages`
  ADD CONSTRAINT `messages_ibfk_1` FOREIGN KEY (`sender_id`) REFERENCES `users` (`id`),
  ADD CONSTRAINT `messages_ibfk_2` FOREIGN KEY (`receiver_id`) REFERENCES `users` (`id`);

--
-- Constraints for table `pagination`
--
ALTER TABLE `pagination`
  ADD CONSTRAINT `pagination_ibfk_1` FOREIGN KEY (`farm_id`) REFERENCES `farms` (`id`);

--
-- Constraints for table `sales_summary`
--
ALTER TABLE `sales_summary`
  ADD CONSTRAINT `fk_sales_pagination` FOREIGN KEY (`page_number`) REFERENCES `pagination` (`page_number`) ON DELETE CASCADE ON UPDATE CASCADE,
  ADD CONSTRAINT `sales_summary_ibfk_1` FOREIGN KEY (`farm_id`) REFERENCES `farms` (`id`),
  ADD CONSTRAINT `sales_summary_ibfk_2` FOREIGN KEY (`comment_author_id`) REFERENCES `users` (`id`);
COMMIT;

/*!40101 SET CHARACTER_SET_CLIENT=@OLD_CHARACTER_SET_CLIENT */;
/*!40101 SET CHARACTER_SET_RESULTS=@OLD_CHARACTER_SET_RESULTS */;
/*!40101 SET COLLATION_CONNECTION=@OLD_COLLATION_CONNECTION */;
